{
  "feature_cols": [
    "temp_C",
    "humidity",
    "pressure_hPa",
    "wind_speed_kmh",
    "precip_intensity",
    "delta_temp_C",
    "delta_humidity",
    "delta_pressure_hPa",
    "delta_wind_speed_kmh",
    "pressure_drop_flag",
    "humidity_spike_flag",
    "pain",
    "stiffness",
    "fatigue",
    "symptom_burden",
    "delta_symptom_burden"
  ],
  "optimal_threshold": 0.7,
  "scaler_mean": [
    22.333333333333332,
    55.0,
    1018.3333333333334,
    8.333333333333334,
    0.0,
    -0.6666666666666666,
    3.0,
    -0.6666666666666666,
    -2.3333333333333335,
    0.3333333333333333,
    0.3333333333333333,
    5.2,
    5.5,
    5.433333333333334,
    5.377777777777777,
    0.28888888888888886
  ],
  "scaler_scale": [
    0.9428090415820634,
    4.242640687119285,
    1.247219128924647,
    2.8674417556808756,
    1.0,
    0.9428090415820634,
    4.242640687119285,
    1.6996731711975948,
    1.6996731711975948,
    0.4714045207910317,
    0.4714045207910317,
    2.11974841274462,
    2.0615528128088303,
    2.333571416424952,
    2.0900705877382215,
    0.8421020142887297
  ],
  "loocv_auc": 0.9062,
  "n_train": 30
}